feature,AUC_single,n_used
sct_long_dia,0.7104950864343091,16425
age,0.6318537506908528,16425
