feature,AUC_single,n_used
sct_long_dia,0.7029736737666694,13324
age,0.5876718892018579,13324
